"Title","support material","ald reactants (precursors)","deposition temperature [°c]","reported coating thickness [nm]","growth per cycle (gpc) [nm]","research problem"
"Atomic scale surface engineering of micro- to nano-sized pharmaceutical particles for drug delivery applications - Contribution 1","lactose","TMA/H2O","30","2.5-11.0","0.47-0.73","Establishing low-temperature ALD as a viable platform for pharmaceutical coating"
"Nanoengineering of Crystal and Amorphous Surfaces of Pharmaceutical Particles for Biomedical Applications - Contribution 1","lactose","TMA/H2O","30","2.5-11.0","0.47-0.73","Establishing low-temperature ALD as a viable platform for pharmaceutical coating"
"Nanoengineering of Crystal and Amorphous Surfaces of Pharmaceutical Particles for Biomedical Applications - Contribution 2","lactose","TMA/O3","30","3.8-10.3","0.47-1.00","Establishing low-temperature ALD as a viable platform for pharmaceutical coating"
"Atomic scale surface engineering of micro- to nano-sized pharmaceutical particles for drug delivery applications - Contribution 2","budesonide","TMA/H2O","40","0.8-2.0","0.20-0.33","Establishing low-temperature ALD as a viable platform for pharmaceutical coating"
"Controlled Pulmonary Delivery of Carrier-Free Budesonide Dry Powder by Atomic Layer Deposition - Contribution 1","budesonide","TMA/O3","40","20.0-50.0","1.00-2.00","Establishing low-temperature ALD as a viable platform for pharmaceutical coating"
"Drug powders with tunable wettability by atomic and molecular layer deposition: From highly hydrophilic to superhydrophobic - Contribution 1","budesonide","TMA/O3","40","20.0-50.0","1.00-2.00","Establishing low-temperature ALD as a viable platform for pharmaceutical coating"
"Tailoring the flow properties of inhaled micronized drug powders by atomic and molecular layer deposition - Contribution 1","budesonide","TMA/O3","40","20.0-50.0","1.00-2.00","Establishing low-temperature ALD as a viable platform for pharmaceutical coating"
"Controlled Pulmonary Delivery of Carrier-Free Budesonide Dry Powder by Atomic Layer Deposition - Contribution 2","budesonide","TiCl4/H2O","40","3.0-15.0","0.30-0.32","Establishing low-temperature ALD as a viable platform for pharmaceutical coating"
"Drug powders with tunable wettability by atomic and molecular layer deposition: From highly hydrophilic to superhydrophobic - Contribution 2","budesonide","TiCl4/H2O","40","3.0-15.0","0.30-0.32","Establishing low-temperature ALD as a viable platform for pharmaceutical coating"
"Tailoring the flow properties of inhaled micronized drug powders by atomic and molecular layer deposition - Contribution 2","budesonide","TiCl4/H2O","40","3.0-15.0","0.30-0.32","Establishing low-temperature ALD as a viable platform for pharmaceutical coating"
"Controlled Pulmonary Delivery of Carrier-Free Budesonide Dry Powder by Atomic Layer Deposition - Contribution 3","budesonide","SiCl4/H2O","40","1.5-10.0","0.10-0.15","Establishing low-temperature ALD as a viable platform for pharmaceutical coating"
"Drug powders with tunable wettability by atomic and molecular layer deposition: From highly hydrophilic to superhydrophobic - Contribution 3","budesonide","SiCl4/H2O","40","1.5-10.0","0.10-0.15","Establishing low-temperature ALD as a viable platform for pharmaceutical coating"
"Tailoring the flow properties of inhaled micronized drug powders by atomic and molecular layer deposition - Contribution 3","budesonide","SiCl4/H2O","40","1.5-10.0","0.10-0.15","Establishing low-temperature ALD as a viable platform for pharmaceutical coating"
"Drug powders with tunable wettability by atomic and molecular layer deposition: From highly hydrophilic to superhydrophobic - Contribution 4","budesonide","TiCl4/EG","120","4.5-23.0","0.45-0.46","Establishing low-temperature ALD as a viable platform for pharmaceutical coating"
"Tailoring the flow properties of inhaled micronized drug powders by atomic and molecular layer deposition - Contribution 4","budesonide","TiCl4/EG","120","4.5-23.0","0.45-0.46","Establishing low-temperature ALD as a viable platform for pharmaceutical coating"
"Drug powders with tunable wettability by atomic and molecular layer deposition: From highly hydrophilic to superhydrophobic - Contribution 5","budesonide","TC/EG","150","1.5","0.03","Establishing low-temperature ALD as a viable platform for pharmaceutical coating"
"Tailoring the flow properties of inhaled micronized drug powders by atomic and molecular layer deposition - Contribution 5","budesonide","TC/EG","150","1.5","0.03","Establishing low-temperature ALD as a viable platform for pharmaceutical coating"
"Nanoshells prepared by atomic layer deposition – Long acting depots of indomethacin - Contribution 1","indomethacin","TMA/H2O","50","30.0-35.0","0.26-0.30","Establishing low-temperature ALD as a viable platform for pharmaceutical coating"
"Single-administration, thermostable human papillomavirus vaccines prepared with atomic layer deposition technology - Contribution 1","HPV 16 L1 capsomer","TMA/H2O","70","40.0-59.9","0.16-0.24","Establishing low-temperature ALD as a viable platform for pharmaceutical coating"
"Impact of Aluminum Oxide Nanocoating on Drug Release from Amorphous Solid Dispersion Particles - Contribution 1","posaconazole/HPMCAS","TMA/H2O","35","",">1.00","Establishing low-temperature ALD as a viable platform for pharmaceutical coating"
"Impact of Aluminum Oxide Nanocoating on Drug Release from Amorphous Solid Dispersion Particles - Contribution 2","posaconazole/HPMCAS","TMA/H2O","35","12","0.40-1.00","Establishing low-temperature ALD as a viable platform for pharmaceutical coating"
"Impact of Aluminum Oxide Nanocoating on Drug Release from Amorphous Solid Dispersion Particles - Contribution 3","posaconazole/HPMCAS","TMA/H2O","35","8.0-40.0","<0.40","Establishing low-temperature ALD as a viable platform for pharmaceutical coating"
"Release Rate Studies of 5-Aminosalacylic Acid Coated with Atomic Layer-Deposited Al<sub>2</sub>O<sub>3</sub> and ZnO in an Acidic Environment - Contribution 1","5-aminosalicylic acid","TMA/H2O","120","38","0.13","Establishing low-temperature ALD as a viable platform for pharmaceutical coating"
"Release Rate Studies of 5-Aminosalacylic Acid Coated with Atomic Layer-Deposited Al<sub>2</sub>O<sub>3</sub> and ZnO in an Acidic Environment - Contribution 2","5-aminosalicylic acid","DEZ/H2O","120","24.7","0.12","Establishing low-temperature ALD as a viable platform for pharmaceutical coating"
"Effect of Atomic Layer Coating on the Stability of Solid Myoglobin Formulations - Contribution 1","myoglobin","TMA/H2O","30","8.3","0.21","Establishing low-temperature ALD as a viable platform for pharmaceutical coating"