The requested query asks for information from **Table 5** of the article, but **Table 5 is not present in the retrieved segments**. The only tables available are:

- **Table 2**: Use of different R species as dopants in ALD.
- **Table 3**: ALD processes based on rare earth elements.
- **Table 4**: ALD/MLD processes based on rare earth elements.

There is **no mention or data** in the retrieved segments about **Table 5**, nor is there any information about **external quantum efficiency (EQE)** values for MOSLED host materials.

Therefore, **it is impossible to fulfill the query** based on the provided retrieved segments.

**Answer:**  
No data available. Table 5 and EQE values for MOSLED host materials are not present in the retrieved segments.