host,n_apps,application,dopant
ZnS,2,Luminescence,Tb
CaS,2,Luminescence,Tb,Ce,Eu
SrS,2,Luminescence,Tb,Ce
Al2O3,2,Waveguides,Luminescence,Er,Yb,(Er,Yb)
Y2O3,2,Luminescence,Er,Eu
Y3Ga5O12,2,Luminescence,Er
ZrO2,2,Electrolyte,Interphase,Y,La,Dy
HfO2,2,Gatedielectrics,Memory,Y,La,Pr,Gd,Er,Dy
HfO2/ZrO2,2,Memory,Y,La,Gd
Ga2O3,2,Luminescence,Nd,Er
GeO2,2,Luminescence,Er
Yb2O3,2,Luminescence,Er
TiO2,2,Magnetics,Luminescence,La,Pr,Nd,Sm,Eu,Tb,Dy,Ho,Er,Tm,Yb
YbTiOx,2,Luminescence,La,Pr,Nd,Sm,Eu,Tb,Dy,Ho,Er,Tm
YDC,2,Electrolyte,Y
SrTiO3,2,Gatedielectrics,La
YVO4,2,Thermometry,Nd,Sm,Eu,Tb,Dy,Ho,Er,Tm,Yb
GdGaO12,2,Luminescence,Er
YbAlO12,2,Luminescence,Er
LuAlO12,2,Luminescence,Er
ZnGaO4,2,Luminescence,Er
SrSnO3,2,Optoelectronics,La